{
  "L_median": 70.5882339477539,
  "L_mad": 2.3529434204101562,
  "a_median": -2.0,
  "a_mad": 1.0,
  "b_median": -1.0,
  "b_mad": 1.0,
  "n_slides": 16,
  "n_total_pixels": 16000000,
  "method": "reinhard_median",
  "slides": [
    "2025_11_18_FGC1.czi",
    "2025_11_18_FGC2.czi",
    "2025_11_18_FGC3.czi",
    "2025_11_18_FGC4.czi",
    "2025_11_18_FHU1.czi",
    "2025_11_18_FHU2.czi",
    "2025_11_18_FHU3.czi",
    "2025_11_18_FHU4.czi",
    "2025_11_18_MGC1.czi",
    "2025_11_18_MGC2.czi",
    "2025_11_18_MGC3.czi",
    "2025_11_18_MGC4.czi",
    "2025_11_18_MHU1.czi",
    "2025_11_18_MHU2.czi",
    "2025_11_18_MHU3.czi",
    "2025_11_18_MHU4.czi"
  ],
  "samples_per_slide": 1000000,
  "sampling_method": "tissue_aware_10x_lower_threshold",
  "tile_size": 3000,
  "block_size": 512
}