{
  "L_mean": 41.51435852050781,
  "L_std": 24.37227439880371,
  "a_mean": 1.1615461111068726,
  "a_std": 3.5087413787841797,
  "b_mean": 0.8838365077972412,
  "b_std": 3.325709581375122,
  "n_slides": 16,
  "n_total_pixels": 5040022,
  "method": "reinhard",
  "slides": [
    "2025_11_18_FGC1.czi",
    "2025_11_18_FGC2.czi",
    "2025_11_18_FGC3.czi",
    "2025_11_18_FGC4.czi",
    "2025_11_18_FHU1.czi",
    "2025_11_18_FHU2.czi",
    "2025_11_18_FHU3.czi",
    "2025_11_18_FHU4.czi",
    "2025_11_18_MGC1.czi",
    "2025_11_18_MGC2.czi",
    "2025_11_18_MGC3.czi",
    "2025_11_18_MGC4.czi",
    "2025_11_18_MHU1.czi",
    "2025_11_18_MHU2.czi",
    "2025_11_18_MHU3.czi",
    "2025_11_18_MHU4.czi"
  ],
  "samples_per_slide": 500000,
  "sampling_method": "tissue_aware",
  "tile_size": 3000,
  "block_size": 512
}